{"conf_table": {"_type": "table-file", "sha256": "1fde6dd454fce88b9466b128a27050c2ef68b7f8bb03a032c76714f1d66ec72d", "size": 179, "artifact_path": "wandb-client-artifact://jwfvgloycm3xklsc0sknjr6llmkwfti41htxvufckzkqqhw6i1qbtuq08n0zsz3d2m8gs5higwzlqcjr0mw25xtuv67w20okn9vun30rp1uqzdnxazds4p28s465vww9:latest/conf_table.table.json", "_latest_artifact_path": "wandb-client-artifact://jwfvgloycm3xklsc0sknjr6llmkwfti41htxvufckzkqqhw6i1qbtuq08n0zsz3d2m8gs5higwzlqcjr0mw25xtuv67w20okn9vun30rp1uqzdnxazds4p28s465vww9:latest/conf_table.table.json", "path": "media/table/conf_table_32_1fde6dd454fce88b9466.table.json", "ncols": 3, "nrows": 4}, "_timestamp": 1691073357.0176363, "_runtime": 83.25207138061523, "_step": 35, "examples": {"_type": "table-file", "sha256": "91f6e347e7ecd02507aaae308eae951941a1290f1e97d62b6d4de16dc22ad454", "size": 1253, "artifact_path": "wandb-client-artifact://78s7bselbbybrzld20iey24oq4unc5eljglkl77sjn4m6t37onku3ouidg379uvb4qgydja03h10xa1258zj6unmaw9dlusmmtjuo32a40nmw3tfop4ifqzfxwg2njjt:latest/examples.table.json", "_latest_artifact_path": "wandb-client-artifact://78s7bselbbybrzld20iey24oq4unc5eljglkl77sjn4m6t37onku3ouidg379uvb4qgydja03h10xa1258zj6unmaw9dlusmmtjuo32a40nmw3tfop4ifqzfxwg2njjt:latest/examples.table.json", "path": "media/table/examples_34_91f6e347e7ecd02507aa.table.json", "ncols": 3, "nrows": 20}, "global_step": 134, "train/loss_step": 0.6417586207389832, "train/acc_step": 0.671875, "epoch": 0, "trainer/global_step": 133, "valid/loss_step": 0.49109113216400146, "valid/loss_epoch": 0.6175504922866821, "valid/acc": 0.6912751793861389, "valid/precision_macro": 0.6912751793861389, "valid/recall_macro": 1.0, "valid/precision_micro": 0.6912751793861389, "valid/recall_micro": 1.0, "valid/f1": 0.8158162832260132, "train/loss_epoch": 0.6125122904777527, "train/acc_epoch": 0.7041281461715698, "_wandb": {"runtime": 81}}